INSERT INTO "TB_BUSINESS_PROCESS" VALUES (1);

INSERT INTO "TB_ACTION" VALUES (1,'noSecAction','NoSecurity',1);
INSERT INTO "TB_ACTION" VALUES (2,'tc2Action','TC2Leg1',1);
INSERT INTO "TB_ACTION" VALUES (3,'tc1Action','TC1Leg1',1);
INSERT INTO "TB_ACTION" VALUES (4,'tc3ActionLeg1','TC3Leg1',1);
INSERT INTO "TB_ACTION" VALUES (5,'tc3ActionLeg2','TC3Leg2',1);

INSERT INTO "TB_AGREEMENT" VALUES (1,'agreementEmpty','','',1);

INSERT INTO "TB_PARTY" VALUES (1,'http://localhost:8080/domibus/services/msh','red_gw',NULL,NULL,1);
INSERT INTO "TB_PARTY" VALUES (2,'vm://localhost?broker.persistent=false','blue_gw',NULL,NULL,1);

-- This is the PMODE configuration of domibus red!
INSERT INTO "TB_CONFIGURATION" VALUES (1,1,1);

INSERT INTO "TB_MPC" ("ID_PK","DEFAULT_MPC","IS_ENABLED", "NAME","QUALIFIED_NAME","RETENTION_DOWNLOADED","RETENTION_UNDOWNLOADED","FK_CONFIGURATION")
VALUES (1,1,1,'defaultMpc','http://docs.oasis-open.org/ebxml-msg/ebms/v3.0/ns/core/200704/defaultMPC',3,60,1);

INSERT INTO "TB_PARTY_ID_TYPE" ("ID_PK","NAME","VALUE","FK_BUSINESSPROCESS")
VALUES (1,'urn:oasis:names:tc:ebcore:partyid-type:unregistered','',1);

INSERT INTO "TB_PARTY_ID_TYPE" ("ID_PK","NAME","VALUE","FK_BUSINESSPROCESS")
VALUES (2,'urn:oasis:names:tc:ebcore:partyid-type:unregistered','',1);

INSERT INTO "TB_PARTY_IDENTIFIER" ("ID_PK","PARTY_ID","FK_PARTY_ID_TYPE","FK_PARTY")
VALUES (1,'domibus-red', 1, 1);

INSERT INTO "TB_PARTY_IDENTIFIER" ("ID_PK","PARTY_ID","FK_PARTY_ID_TYPE","FK_PARTY")
VALUES (2,'domibus-blue', 1, 2);

INSERT INTO "TB_MESSAGE_INFO" ("ID_PK","MESSAGE_ID","REF_TO_MESSAGE_ID","TIME_STAMP") VALUES (1,'2809cef6-240f-4792-bec1-7cb300a34679@domibus.eu',NULL,'2016-02-11 12:57:19');
INSERT INTO "TB_MESSAGE_INFO" ("ID_PK","MESSAGE_ID","REF_TO_MESSAGE_ID","TIME_STAMP") VALUES (2,'78a1d578-0cc7-41fb-9f35-86a5b2769a14@domibus.eu',NULL,'2016-02-11 16:29:44');
INSERT INTO "TB_MESSAGE_INFO" ("ID_PK","MESSAGE_ID","REF_TO_MESSAGE_ID","TIME_STAMP") VALUES (3,'2bbc05d8-b603-4742-a118-137898a81de3@domibus.eu',NULL,'2016-02-11 16:30:00');
INSERT INTO "TB_MESSAGE_INFO" ("ID_PK","MESSAGE_ID","REF_TO_MESSAGE_ID","TIME_STAMP") VALUES (4,'88a1d578-0cc7-41fb-9f35-86a5b2769a14@domibus.eu',NULL,'2016-02-11 16:29:44');

INSERT INTO "TB_USER_MESSAGE" ("ID_PK","COLLABORATION_INFO_ACTION","AGREEMENT_REF_PMODE","AGREEMENT_REF_TYPE","AGREEMENT_REF_VALUE","COLL_INFO_CONVERS_ID","SERVICE_TYPE","SERVICE_VALUE","MPC","FROM_ROLE","TO_ROLE","MESSAGEINFO_ID_PK")
VALUES (1,'TC1Leg1',NULL,NULL,NULL,'7318c713-a1a7-4dc7-8497-337d40d95d39','tc1','bdx:noprocess','http://docs.oasis-open.org/ebxml-msg/ebms/v3.0/ns/core/200704/defaultMPC','http://docs.oasis-open.org/ebxml-msg/ebms/v3.0/ns/core/200704/initiator','http://docs.oasis-open.org/ebxml-msg/ebms/v3.0/ns/core/200704/responder',1);

INSERT INTO "TB_USER_MESSAGE" ("ID_PK","COLLABORATION_INFO_ACTION","AGREEMENT_REF_PMODE","AGREEMENT_REF_TYPE","AGREEMENT_REF_VALUE","COLL_INFO_CONVERS_ID","SERVICE_TYPE","SERVICE_VALUE","MPC","FROM_ROLE","TO_ROLE","MESSAGEINFO_ID_PK")
VALUES (2,'TC1Leg1',NULL,NULL,NULL,'489c1e59-2f4b-4c15-b780-38fa81f1df0e','tc1','bdx:noprocess','http://docs.oasis-open.org/ebxml-msg/ebms/v3.0/ns/core/200704/defaultMPC','http://docs.oasis-open.org/ebxml-msg/ebms/v3.0/ns/core/200704/initiator','http://docs.oasis-open.org/ebxml-msg/ebms/v3.0/ns/core/200704/responder',2);

INSERT INTO "TB_USER_MESSAGE" ("ID_PK","COLLABORATION_INFO_ACTION","AGREEMENT_REF_PMODE","AGREEMENT_REF_TYPE","AGREEMENT_REF_VALUE","COLL_INFO_CONVERS_ID","SERVICE_TYPE","SERVICE_VALUE","MPC","FROM_ROLE","TO_ROLE","MESSAGEINFO_ID_PK")
VALUES (3,'TC1Leg1',NULL,NULL,NULL,'9985e5cd-b898-4a7e-acd8-5fdf7a9edde7','tc1','bdx:noprocess','http://docs.oasis-open.org/ebxml-msg/ebms/v3.0/ns/core/200704/defaultMPC','http://docs.oasis-open.org/ebxml-msg/ebms/v3.0/ns/core/200704/initiator','http://docs.oasis-open.org/ebxml-msg/ebms/v3.0/ns/core/200704/responder',3);

INSERT INTO "TB_USER_MESSAGE" ("ID_PK","COLLABORATION_INFO_ACTION","AGREEMENT_REF_PMODE","AGREEMENT_REF_TYPE","AGREEMENT_REF_VALUE","COLL_INFO_CONVERS_ID","SERVICE_TYPE","SERVICE_VALUE","MPC","FROM_ROLE","TO_ROLE","MESSAGEINFO_ID_PK")
VALUES (4,'TC1Leg1',NULL,NULL,NULL,'489c1e59-2f4b-4c15-b780-38fa81f1df0e','tc1','bdx:noprocess','http://docs.oasis-open.org/ebxml-msg/ebms/v3.0/ns/core/200704/defaultMPC','http://docs.oasis-open.org/ebxml-msg/ebms/v3.0/ns/core/200704/initiator','http://docs.oasis-open.org/ebxml-msg/ebms/v3.0/ns/core/200704/responder',4);

INSERT INTO "TB_MESSAGING" ("ID_PK","ID","SIGNAL_MESSAGE_ID","USER_MESSAGE_ID") VALUES (1,NULL,NULL,1);
INSERT INTO "TB_MESSAGING" ("ID_PK","ID","SIGNAL_MESSAGE_ID","USER_MESSAGE_ID") VALUES (2,NULL,NULL,2);
INSERT INTO "TB_MESSAGING" ("ID_PK","ID","SIGNAL_MESSAGE_ID","USER_MESSAGE_ID") VALUES (3,NULL,NULL,3);
INSERT INTO "TB_MESSAGING" ("ID_PK","ID","SIGNAL_MESSAGE_ID","USER_MESSAGE_ID") VALUES (4,NULL,NULL,4);

INSERT INTO "TB_MESSAGE_LOG" ("ID_PK","BACKEND","DELETED","ENDPOINT","MESSAGE_ID","MESSAGE_STATUS","MESSAGE_TYPE","MPC","MSH_ROLE","NEXT_ATTEMPT","NOTIFICATION_STATUS","RECEIVED","SEND_ATTEMPTS","SEND_ATTEMPTS_MAX")
VALUES (1,NULL,NULL,NULL,'2809cef6-240f-4792-bec1-7cb300a34679@domibus.eu','RECEIVED','USER_MESSAGE','http://docs.oasis-open.org/ebxml-msg/ebms/v3.0/ns/core/200704/defaultMPC','RECEIVING',NULL,NULL,'2016-02-11 12:57:24',0,0);

INSERT INTO "TB_MESSAGE_LOG" ("ID_PK","BACKEND","DELETED","ENDPOINT","MESSAGE_ID","MESSAGE_STATUS","MESSAGE_TYPE","MPC","MSH_ROLE","NEXT_ATTEMPT","NOTIFICATION_STATUS","RECEIVED","SEND_ATTEMPTS","SEND_ATTEMPTS_MAX")
VALUES (2,NULL,NULL,NULL,'78a1d578-0cc7-41fb-9f35-86a5b2769a14@domibus.eu','RECEIVED','USER_MESSAGE','http://docs.oasis-open.org/ebxml-msg/ebms/v3.0/ns/core/200704/defaultMPC','RECEIVING',NULL,NULL,'2016-02-11 16:29:50',0,0);

INSERT INTO "TB_MESSAGE_LOG" ("ID_PK","BACKEND","DELETED","ENDPOINT","MESSAGE_ID","MESSAGE_STATUS","MESSAGE_TYPE","MPC","MSH_ROLE","NEXT_ATTEMPT","NOTIFICATION_STATUS","RECEIVED","SEND_ATTEMPTS","SEND_ATTEMPTS_MAX")
VALUES (3,NULL,NULL,NULL,'2bbc05d8-b603-4742-a118-137898a81de3@domibus.eu','RECEIVED','USER_MESSAGE','http://docs.oasis-open.org/ebxml-msg/ebms/v3.0/ns/core/200704/defaultMPC','RECEIVING',NULL,NULL,'2016-02-11 16:30:00',0,0);

INSERT INTO "TB_MESSAGE_LOG" ("ID_PK","BACKEND","DELETED","ENDPOINT","MESSAGE_ID","MESSAGE_STATUS","MESSAGE_TYPE","MPC","MSH_ROLE","NEXT_ATTEMPT","NOTIFICATION_STATUS","RECEIVED","SEND_ATTEMPTS","SEND_ATTEMPTS_MAX")
VALUES (4,NULL,NULL,NULL,'88a1d578-0cc7-41fb-9f35-86a5b2769a14@domibus.eu','RECEIVED','USER_MESSAGE','http://docs.oasis-open.org/ebxml-msg/ebms/v3.0/ns/core/200704/defaultMPC','RECEIVING',NULL,NULL,'2016-02-11 16:29:50',0,0);

INSERT INTO "TB_PART_INFO" ("ID_PK","BINARY_DATA","DESCRIPTION_LANG","DESCRIPTION_VALUE","FILENAME","HREF","IN_BODY","MIME","PAYLOADINFO_ID")
VALUES (1, x'3c3f786d6c2076657273696f6e3d22312e302220656e636f64696e673d225554462d38223f3e3c68656c6c6f3e776f726c643c2f68656c6c6f3e',NULL,NULL,NULL,'sbdh-order','0','application/unknown',1);

INSERT INTO "TB_PART_INFO" ("ID_PK","BINARY_DATA","DESCRIPTION_LANG","DESCRIPTION_VALUE","FILENAME","HREF","IN_BODY","MIME","PAYLOADINFO_ID")
VALUES (2, x'3c3f786d6c2076657273696f6e3d22312e302220656e636f64696e673d225554462d38223f3e0d0a3c68656c6c6f3e776f726c643c2f68656c6c6f3e',NULL,NULL,NULL,'sbdh-order','0','application/unknown',2);

INSERT INTO "TB_PART_INFO" ("ID_PK","BINARY_DATA","DESCRIPTION_LANG","DESCRIPTION_VALUE","FILENAME","HREF","IN_BODY","MIME","PAYLOADINFO_ID")
VALUES (3, x'3c3f786d6c2076657273696f6e3d22312e302220656e636f64696e673d225554462d38223f3e3c68656c6c6f3e776f726c643c2f68656c6c6f3e',NULL,NULL,NULL,'sbdh-order','1','application/unknown',3);

INSERT INTO "TB_PART_INFO" ("ID_PK","BINARY_DATA","DESCRIPTION_LANG","DESCRIPTION_VALUE","FILENAME","HREF","IN_BODY","MIME","PAYLOADINFO_ID")
VALUES (4, x'3c3f786d6c2076657273696f6e3d22312e302220656e636f64696e673d225554462d38223f3e0d0a3c68656c6c6f3e776f726c643c2f68656c6c6f3e3c3f786d6c2076657273696f6e3d22312e302220656e636f64696e673d225554462d38223f3e0d0a3c68656c6c6f3e776f726c643c2f68656c6c6f3e3c3f786d6c2076657273696f6e3d22312e302220656e636f64696e673d225554462d38223f3e0d0a3c68656c6c6f3e776f726c643c2f68656c6c6f3e3c3f786d6c2076657273696f6e3d22312e302220656e636f64696e673d225554462d38223f3e0d0a3c68656c6c6f3e776f726c643c2f68656c6c6f3e3c3f786d6c2076657273696f6e3d22312e302220656e636f64696e673d225554462d38223f3e0d0a3c68656c6c6f3e776f726c643c2f68656c6c6f3e3c3f786d6c2076657273696f6e3d22312e302220656e636f64696e673d225554462d38223f3e0d0a3c68656c6c6f3e776f726c643c2f68656c6c6f3e3c3f786d6c2076657273696f6e3d22312e302220656e636f64696e673d225554462d38223f3e0d0a3c68656c6c6f3e776f726c643c2f68656c6c6f3e3c3f786d6c2076657273696f6e3d22312e302220656e636f64696e673d225554462d38223f3e0d0a3c68656c6c6f3e776f726c643c2f68656c6c6f3e3c3f786d6c2076657273696f6e3d22312e302220656e636f64696e673d225554462d38223f3e0d0a3c68656c6c6f3e776f726c643c2f68656c6c6f3e3c3f786d6c2076657273696f6e3d22312e302220656e636f64696e673d225554462d38223f3e0d0a3c68656c6c6f3e776f726c643c2f68656c6c6f3e3c3f786d6c2076657273696f6e3d22312e302220656e636f64696e673d225554462d38223f3e0d0a3c68656c6c6f3e776f726c643c2f68656c6c6f3e3c3f786d6c2076657273696f6e3d22312e302220656e636f64696e673d225554462d38223f3e0d0a3c68656c6c6f3e776f726c643c2f68656c6c6f3e3c3f786d6c2076657273696f6e3d22312e302220656e636f64696e673d225554462d38223f3e0d0a3c68656c6c6f3e776f726c643c2f68656c6c6f3e3c3f786d6c2076657273696f6e3d22312e302220656e636f64696e673d225554462d38223f3e0d0a3c68656c6c6f3e776f726c643c2f68656c6c6f3e3c3f786d6c2076657273696f6e3d22312e302220656e636f64696e673d225554462d38223f3e0d0a3c68656c6c6f3e776f726c643c2f68656c6c6f3e3c3f786d6c2076657273696f6e3d22312e302220656e636f64696e673d225554462d38223f3e0d0a3c68656c6c6f3e776f726c643c2f68656c6c6f3e3c3f786d6c2076657273696f6e3d22312e302220656e636f64696e673d225554462d38223f3e0d0a3c68656c6c6f3e776f726c643c2f68656c6c6f3e3c3f786d6c2076657273696f6e3d22312e302220656e636f64696e673d225554462d38223f3e0d0a3c68656c6c6f3e776f726c643c2f68656c6c6f3e3c3f786d6c2076657273696f6e3d22312e302220656e636f64696e673d225554462d38223f3e0d0a3c68656c6c6f3e776f726c643c2f68656c6c6f3e3c3f786d6c2076657273696f6e3d22312e302220656e636f64696e673d225554462d38223f3e0d0a3c68656c6c6f3e776f726c643c2f68656c6c6f3e3c3f786d6c2076657273696f6e3d22312e302220656e636f64696e673d225554462d38223f3e0d0a3c68656c6c6f3e776f726c643c2f68656c6c6f3e3c3f786d6c2076657273696f6e3d22312e302220656e636f64696e673d225554462d38223f3e0d0a3c68656c6c6f3e776f726c643c2f68656c6c6f3e3c3f786d6c2076657273696f6e3d22312e302220656e636f64696e673d225554462d38223f3e0d0a3c68656c6c6f3e776f726c643c2f68656c6c6f3e3c3f786d6c2076657273696f6e3d22312e302220656e636f64696e673d225554462d38223f3e0d0a3c68656c6c6f3e776f726c643c2f68656c6c6f3e', NULL,NULL,NULL,'sbdh-order','0','application/unknown',4);

-- TO_ID and FROM_ID are foreign keys to table TB_USER_MESSAGE
INSERT INTO "TB_PARTY_ID" ("ID_PK","TYPE","VALUE","TO_ID","FROM_ID")
VALUES (1,NULL,'domibus-red',NULL,1);
INSERT INTO "TB_PARTY_ID" ("ID_PK","TYPE","VALUE","TO_ID","FROM_ID")
VALUES (2,NULL,'domibus-blue',1,NULL);

INSERT INTO "TB_PARTY_ID" ("ID_PK","TYPE","VALUE","TO_ID","FROM_ID")
VALUES (3,NULL,'domibus-red',NULL,2);
INSERT INTO "TB_PARTY_ID" ("ID_PK","TYPE","VALUE","TO_ID","FROM_ID")
VALUES (4,NULL,'domibus-blue',2,NULL);

INSERT INTO "TB_PARTY_ID" ("ID_PK","TYPE","VALUE","TO_ID","FROM_ID")
VALUES (5,NULL,'domibus-red',NULL,3);
INSERT INTO "TB_PARTY_ID" ("ID_PK","TYPE","VALUE","TO_ID","FROM_ID")
VALUES (6,NULL,'domibus-blue',3,NULL);

INSERT INTO "TB_PARTY_ID" ("ID_PK","TYPE","VALUE","TO_ID","FROM_ID")
VALUES (7,NULL,'domibus-red',NULL,4);
INSERT INTO "TB_PARTY_ID" ("ID_PK","TYPE","VALUE","TO_ID","FROM_ID")
VALUES (8,NULL,'domibus-blue',4,NULL);

INSERT INTO "TB_PROPERTY" ("ID_PK","NAME","VALUE","MESSAGEPROPERTIES_ID","PARTPROPERTIES_ID")
VALUES (1,'originalSender','urn:oasis:names:tc:ebcore:partyid-type:unregistered:C1',1,NULL);
INSERT INTO "TB_PROPERTY" ("ID_PK","NAME","VALUE","MESSAGEPROPERTIES_ID","PARTPROPERTIES_ID")
VALUES (2,'finalRecipient','urn:oasis:names:tc:ebcore:partyid-type:unregistered:C4',1,NULL);
INSERT INTO "TB_PROPERTY" ("ID_PK","NAME","VALUE","MESSAGEPROPERTIES_ID","PARTPROPERTIES_ID")
VALUES (3,'description','e-sens-sbdh-order',NULL,1);
INSERT INTO "TB_PROPERTY" ("ID_PK","NAME","VALUE","MESSAGEPROPERTIES_ID","PARTPROPERTIES_ID")
VALUES (4,'MimeType','application/xml',NULL,1);

INSERT INTO "TB_PROPERTY" ("ID_PK","NAME","VALUE","MESSAGEPROPERTIES_ID","PARTPROPERTIES_ID")
VALUES (5,'originalSender','urn:oasis:names:tc:ebcore:partyid-type:unregistered:C1',2,NULL);
INSERT INTO "TB_PROPERTY" ("ID_PK","NAME","VALUE","MESSAGEPROPERTIES_ID","PARTPROPERTIES_ID")
VALUES (6,'finalRecipient','urn:oasis:names:tc:ebcore:partyid-type:unregistered:C4',2,NULL);
INSERT INTO "TB_PROPERTY" ("ID_PK","NAME","VALUE","MESSAGEPROPERTIES_ID","PARTPROPERTIES_ID")
 VALUES (7,'description','e-sens-sbdh-order',NULL,2);
INSERT INTO "TB_PROPERTY" ("ID_PK","NAME","VALUE","MESSAGEPROPERTIES_ID","PARTPROPERTIES_ID")
VALUES (8,'MimeType','application/xml',NULL,2);

INSERT INTO "TB_PROPERTY" ("ID_PK","NAME","VALUE","MESSAGEPROPERTIES_ID","PARTPROPERTIES_ID")
VALUES (9,'originalSender','urn:oasis:names:tc:ebcore:partyid-type:unregistered:C1',3,NULL);
INSERT INTO "TB_PROPERTY" ("ID_PK","NAME","VALUE","MESSAGEPROPERTIES_ID","PARTPROPERTIES_ID")
VALUES (10,'finalRecipient','urn:oasis:names:tc:ebcore:partyid-type:unregistered:C4',3,NULL);
INSERT INTO "TB_PROPERTY" ("ID_PK","NAME","VALUE","MESSAGEPROPERTIES_ID","PARTPROPERTIES_ID")
VALUES (11,'description','e-sens-sbdh-order',NULL,3);
INSERT INTO "TB_PROPERTY" ("ID_PK","NAME","VALUE","MESSAGEPROPERTIES_ID","PARTPROPERTIES_ID")
VALUES (12,'MimeType','application/xml',NULL,3);

INSERT INTO "TB_PROPERTY" ("ID_PK","NAME","VALUE","MESSAGEPROPERTIES_ID","PARTPROPERTIES_ID")
VALUES (13,'originalSender','urn:oasis:names:tc:ebcore:partyid-type:unregistered:C1',4,NULL);
INSERT INTO "TB_PROPERTY" ("ID_PK","NAME","VALUE","MESSAGEPROPERTIES_ID","PARTPROPERTIES_ID")
VALUES (14,'finalRecipient','urn:oasis:names:tc:ebcore:partyid-type:unregistered:C4',4,NULL);
INSERT INTO "TB_PROPERTY" ("ID_PK","NAME","VALUE","MESSAGEPROPERTIES_ID","PARTPROPERTIES_ID")
VALUES (15,'description','e-sens-sbdh-order',NULL,4);
INSERT INTO "TB_PROPERTY" ("ID_PK","NAME","VALUE","MESSAGEPROPERTIES_ID","PARTPROPERTIES_ID")
VALUES (16,'MimeType','application/xml',NULL,4);

INSERT INTO "TB_ROLE" VALUES (1,'defaultInitiatorRole','http://docs.oasis-open.org/ebxml-msg/ebms/v3.0/ns/core/200704/initiator',1);
INSERT INTO "TB_ROLE" VALUES (2,'defaultResponderRole','http://docs.oasis-open.org/ebxml-msg/ebms/v3.0/ns/core/200704/responder',1);

INSERT INTO "TB_MEP" VALUES (1,0,'twoway','http://docs.oasis-open.org/ebxml-msg/ebms/v3.0/ns/core/200704/twoWay',1);
INSERT INTO "TB_MEP" VALUES (2,0,'oneway','http://docs.oasis-open.org/ebxml-msg/ebms/v3.0/ns/core/200704/oneWay',1);

INSERT INTO "TB_MEP_BINDING" VALUES (1,'push','http://docs.oasis-open.org/ebxml-msg/ebms/v3.0/ns/core/200704/push',1);
INSERT INTO "TB_MEP_BINDING" VALUES (2,'pushAndPush','http://docs.oasis-open.org/ebxml-msg/ebms/v3.0/ns/core/200704/push-and-push',1);

INSERT INTO "TB_PROCESS" ("ID_PK","USE_DYNAMIC_INITIATOR","USE_DYNAMIC_RESPONDER","NAME","FK_AGREEMENT","FK_INITIATOR_ROLE","FK_MEP","FK_MEP_BINDING","FK_RESPONDER_ROLE","FK_BUSINESSPROCESS")
VALUES (1,0x00,0x00,'tc2Process',1,1,2,1,2,1);
INSERT INTO "TB_PROCESS" ("ID_PK","USE_DYNAMIC_INITIATOR","USE_DYNAMIC_RESPONDER","NAME","FK_AGREEMENT","FK_INITIATOR_ROLE","FK_MEP","FK_MEP_BINDING","FK_RESPONDER_ROLE","FK_BUSINESSPROCESS")
VALUES (2,0x00,0x00,'tc3Process',1,1,1,2,2,1);
INSERT INTO "TB_PROCESS" ("ID_PK","USE_DYNAMIC_INITIATOR","USE_DYNAMIC_RESPONDER","NAME","FK_AGREEMENT","FK_INITIATOR_ROLE","FK_MEP","FK_MEP_BINDING","FK_RESPONDER_ROLE","FK_BUSINESSPROCESS")
VALUES (3,0x00,0x00,'noSecProcess',1,1,2,1,2,1);
INSERT INTO "TB_PROCESS" ("ID_PK","USE_DYNAMIC_INITIATOR","USE_DYNAMIC_RESPONDER","NAME","FK_AGREEMENT","FK_INITIATOR_ROLE","FK_MEP","FK_MEP_BINDING","FK_RESPONDER_ROLE","FK_BUSINESSPROCESS")
VALUES (4,0x00,0x00,'tc1Process',1,1,2,1,2,1);

INSERT INTO "TB_SERVICE" ("ID_PK","NAME","SERVICE_TYPE","VALUE","FK_BUSINESSPROCESS")
VALUES (1,'testService1','tc1','bdx:noprocess',1);
INSERT INTO "TB_SERVICE" ("ID_PK","NAME","SERVICE_TYPE","VALUE","FK_BUSINESSPROCESS")
VALUES (2,'testService2','tc2','bdx:noprocess',1);
INSERT INTO "TB_SERVICE" ("ID_PK","NAME","SERVICE_TYPE","VALUE","FK_BUSINESSPROCESS")
VALUES (3,'noSecService','','InternalTesting',1);
INSERT INTO "TB_SERVICE" ("ID_PK","NAME","SERVICE_TYPE","VALUE","FK_BUSINESSPROCESS")
VALUES (4,'testService3','tc3','bdx:noprocess',1);

INSERT INTO "TB_ERROR_HANDLING" VALUES (1,0x00,0x00,0x00,0x01,'demoErrorHandling',1);

INSERT INTO "TB_MESSAGE_PROPERTY" VALUES (1,'string','originalSender','originalSenderProperty',0x01,1);
INSERT INTO "TB_MESSAGE_PROPERTY" VALUES (2,'string','finalRecipient','finalRecipientProperty',0x01,1);

INSERT INTO "TB_MESSAGE_PROPERTY_SET" VALUES (1,'ecodexPropertySet',1);

INSERT INTO "TB_JOIN_PROPERTY_SET" VALUES (1,1);
INSERT INTO "TB_JOIN_PROPERTY_SET" VALUES (1,2);

INSERT INTO "TB_RECEPTION_AWARENESS" VALUES (1,0x01,'receptionAwareness',4,5,'CONSTANT',1);
INSERT INTO "TB_RELIABILITY" VALUES (1,'noReliability',0x00,'RESPONSE',1);
INSERT INTO "TB_RELIABILITY" VALUES (2,'AS4Reliability',0x01,'RESPONSE',1);

INSERT INTO "TB_SECURITY" VALUES (1,'noSigNoEnc','doNothingPolicy.xml','RSA_SHA256',1);
INSERT INTO "TB_SECURITY" VALUES (2,'signAndEncrypt','signEncrypt.xml','RSA_SHA256',1);
INSERT INTO "TB_SECURITY" VALUES (3,'signOnly','signOnly.xml','RSA_SHA256',1);
INSERT INTO "TB_SECURITY" VALUES (4,'encryptAll','encryptAll.xml','RSA_SHA256',1);

INSERT INTO "TB_LEG" VALUES (1,0x01,'pushTestcase3Leg2tc3ActionLeg2',5,1,1,NULL,1,1,2,1,4,1);
INSERT INTO "TB_LEG" VALUES (2,0x01,'pushTestcase3Leg1tc3ActionLeg1',4,1,1,NULL,1,1,2,1,4,1);
INSERT INTO "TB_LEG" VALUES (3,0x01,'pushTestcase2tc2Action',2,1,1,NULL,1,1,2,1,2,1);
INSERT INTO "TB_LEG" VALUES (4,0x00,'pushNoSecnoSecAction',1,1,1,NULL,1,1,2,1,3,1);
INSERT INTO "TB_LEG" VALUES (5,0x01,'pushTestcase1tc1Action',3,1,1,NULL,1,1,2,1,1,1);

INSERT INTO "TB_JOIN_PROCESS_INIT_PARTY" ("PROCESS_FK","PARTY_FK") VALUES (1,1);
INSERT INTO "TB_JOIN_PROCESS_INIT_PARTY" ("PROCESS_FK","PARTY_FK") VALUES (2,1);
INSERT INTO "TB_JOIN_PROCESS_INIT_PARTY" ("PROCESS_FK","PARTY_FK") VALUES (3,1);
INSERT INTO "TB_JOIN_PROCESS_INIT_PARTY" ("PROCESS_FK","PARTY_FK") VALUES (4,1);
INSERT INTO "TB_JOIN_PROCESS_INIT_PARTY" ("PROCESS_FK","PARTY_FK") VALUES (1,2);
INSERT INTO "TB_JOIN_PROCESS_INIT_PARTY" ("PROCESS_FK","PARTY_FK") VALUES (2,2);
INSERT INTO "TB_JOIN_PROCESS_INIT_PARTY" ("PROCESS_FK","PARTY_FK") VALUES (3,2);
INSERT INTO "TB_JOIN_PROCESS_INIT_PARTY" ("PROCESS_FK","PARTY_FK") VALUES (4,2);

INSERT INTO "TB_JOIN_PROCESS_RESP_PARTY" ("PROCESS_FK","PARTY_FK") VALUES (1,1);
INSERT INTO "TB_JOIN_PROCESS_RESP_PARTY" ("PROCESS_FK","PARTY_FK") VALUES (2,1);
INSERT INTO "TB_JOIN_PROCESS_RESP_PARTY" ("PROCESS_FK","PARTY_FK") VALUES (3,1);
INSERT INTO "TB_JOIN_PROCESS_RESP_PARTY" ("PROCESS_FK","PARTY_FK") VALUES (4,1);
INSERT INTO "TB_JOIN_PROCESS_RESP_PARTY" ("PROCESS_FK","PARTY_FK") VALUES (1,2);
INSERT INTO "TB_JOIN_PROCESS_RESP_PARTY" ("PROCESS_FK","PARTY_FK") VALUES (2,2);
INSERT INTO "TB_JOIN_PROCESS_RESP_PARTY" ("PROCESS_FK","PARTY_FK") VALUES (3,2);
INSERT INTO "TB_JOIN_PROCESS_RESP_PARTY" ("PROCESS_FK","PARTY_FK") VALUES (4,2);

INSERT INTO "TB_JOIN_PROCESS_LEG" ("PROCESS_FK","LEG_FK") VALUES (1,1);
INSERT INTO "TB_JOIN_PROCESS_LEG" ("PROCESS_FK","LEG_FK") VALUES (2,1);
INSERT INTO "TB_JOIN_PROCESS_LEG" ("PROCESS_FK","LEG_FK") VALUES (3,1);
INSERT INTO "TB_JOIN_PROCESS_LEG" ("PROCESS_FK","LEG_FK") VALUES (4,1);

INSERT INTO "TB_JOIN_PROCESS_LEG" ("PROCESS_FK","LEG_FK") VALUES (1,2);
INSERT INTO "TB_JOIN_PROCESS_LEG" ("PROCESS_FK","LEG_FK") VALUES (2,2);
INSERT INTO "TB_JOIN_PROCESS_LEG" ("PROCESS_FK","LEG_FK") VALUES (3,2);
INSERT INTO "TB_JOIN_PROCESS_LEG" ("PROCESS_FK","LEG_FK") VALUES (4,2);

INSERT INTO "TB_JOIN_PROCESS_LEG" ("PROCESS_FK","LEG_FK") VALUES (1,3);
INSERT INTO "TB_JOIN_PROCESS_LEG" ("PROCESS_FK","LEG_FK") VALUES (2,3);
INSERT INTO "TB_JOIN_PROCESS_LEG" ("PROCESS_FK","LEG_FK") VALUES (3,3);
INSERT INTO "TB_JOIN_PROCESS_LEG" ("PROCESS_FK","LEG_FK") VALUES (4,3);

INSERT INTO "TB_JOIN_PROCESS_LEG" ("PROCESS_FK","LEG_FK") VALUES (1,4);
INSERT INTO "TB_JOIN_PROCESS_LEG" ("PROCESS_FK","LEG_FK") VALUES (2,4);
INSERT INTO "TB_JOIN_PROCESS_LEG" ("PROCESS_FK","LEG_FK") VALUES (3,4);
INSERT INTO "TB_JOIN_PROCESS_LEG" ("PROCESS_FK","LEG_FK") VALUES (4,4);

INSERT INTO "TB_JOIN_PROCESS_LEG" ("PROCESS_FK","LEG_FK") VALUES (1,5);
INSERT INTO "TB_JOIN_PROCESS_LEG" ("PROCESS_FK","LEG_FK") VALUES (2,5);
INSERT INTO "TB_JOIN_PROCESS_LEG" ("PROCESS_FK","LEG_FK") VALUES (3,5);
INSERT INTO "TB_JOIN_PROCESS_LEG" ("PROCESS_FK","LEG_FK") VALUES (4,5);
